from ip,to ip,from domain,to domain,from asn,to asn
170.249.202.146,170.249.202.148,realtimestatistics.net,www.internetlivestats.com,AS63410 (PRIVATESYSTEMS | PrivateSystems Networks),AS63410 (PRIVATESYSTEMS | PrivateSystems Networks)
5.61.54.213,5.61.54.211,adultsite24.com,www.blank.dnsdomen.com,AS58061 (SCALAXY | Scalaxy B.V.),AS58061 (SCALAXY | Scalaxy B.V.)
5.61.54.213,5.61.54.212,xxxdns.net,www.blank.dnsdomen.com,AS58061 (SCALAXY | Scalaxy B.V.),AS58061 (SCALAXY | Scalaxy B.V.)
109.95.212.26,109.95.212.27,nudcelebrus.ru,bz8.ru,AS50448 (SYSTEM-SERVICE | System Service Ltd.),AS50448 (SYSTEM-SERVICE | System Service Ltd.)
185.240.102.128,78.110.60.16,platina-kostroma.com,www.radioscanner.ru,AS211642 (ADMINVPS | AdminVPS OOO),AS12616 (HOSTING-MSK | Citytelecom LLC)
185.178.208.165,185.215.4.21,sagent.ru,www.bitriver.farm,AS57724 (DDOS-GUARD | DDOS-GUARD LTD),AS57724 (DDOS-GUARD | DDOS-GUARD LTD)
185.178.208.165,185.149.120.233,sibinformburo.ru,calculator888.ru,AS57724 (DDOS-GUARD | DDOS-GUARD LTD),AS57724 (DDOS-GUARD | DDOS-GUARD LTD)
185.215.4.16,185.149.120.233,tidy.ru,calculator888.ru,AS57724 (DDOS-GUARD | DDOS-GUARD LTD),AS57724 (DDOS-GUARD | DDOS-GUARD LTD)
185.215.4.41,185.149.120.233,dm-solutions.ru,calculator888.ru,AS57724 (DDOS-GUARD | DDOS-GUARD LTD),AS57724 (DDOS-GUARD | DDOS-GUARD LTD)
185.215.4.25,185.149.120.233,vetriks.ru,calculator888.ru,AS57724 (DDOS-GUARD | DDOS-GUARD LTD),AS57724 (DDOS-GUARD | DDOS-GUARD LTD)
185.178.208.189,185.149.120.233,www.gamesisart.ru,calculator888.ru,AS57724 (DDOS-GUARD | DDOS-GUARD LTD),AS57724 (DDOS-GUARD | DDOS-GUARD LTD)
185.215.4.14,185.129.100.124,simetragroup.ru,southernfig.com,AS57724 (DDOS-GUARD | DDOS-GUARD LTD),AS57724 (DDOS-GUARD | DDOS-GUARD LTD)
185.215.4.16,185.129.100.124,empact.digital,southernfig.com,AS57724 (DDOS-GUARD | DDOS-GUARD LTD),AS57724 (DDOS-GUARD | DDOS-GUARD LTD)
185.178.208.187,78.110.60.16,universalmotors.ru,www.radioscanner.ru,AS57724 (DDOS-GUARD | DDOS-GUARD LTD),AS12616 (HOSTING-MSK | Citytelecom LLC)
185.215.4.20,78.110.60.16,giper.fm,www.radioscanner.ru,AS57724 (DDOS-GUARD | DDOS-GUARD LTD),AS12616 (HOSTING-MSK | Citytelecom LLC)
185.215.4.55,78.110.60.16,briskly.online,radioscanner.ru,AS57724 (DDOS-GUARD | DDOS-GUARD LTD),AS12616 (HOSTING-MSK | Citytelecom LLC)
185.215.4.43,78.110.60.16,payselection.com,www.radioscanner.ru,AS57724 (DDOS-GUARD | DDOS-GUARD LTD),AS12616 (HOSTING-MSK | Citytelecom LLC)
185.178.208.190,78.110.60.16,sdelanounas.ru,www.radioscanner.ru,AS57724 (DDOS-GUARD | DDOS-GUARD LTD),AS12616 (HOSTING-MSK | Citytelecom LLC)
185.178.209.20,78.110.60.16,vorota-group.ru,www.radioscanner.ru,AS57724 (DDOS-GUARD | DDOS-GUARD LTD),AS12616 (HOSTING-MSK | Citytelecom LLC)
185.215.4.52,186.2.171.43,www.vodohod.tech,www.lightmine.pro,AS57724 (DDOS-GUARD | DDOS-GUARD LTD),AS59692 (IQWEB | IQWeb FZ-LLC)
185.215.4.20,45.132.16.61,lingerie-show-forum.ru,73online.ru,AS57724 (DDOS-GUARD | DDOS-GUARD LTD),AS59692 (IQWEB | IQWeb FZ-LLC)
185.178.208.167,45.132.16.61,anomera3.ru,73online.ru,AS57724 (DDOS-GUARD | DDOS-GUARD LTD),AS59692 (IQWEB | IQWeb FZ-LLC)
185.215.4.58,45.132.16.61,astoriagrande.com,73online.ru,AS57724 (DDOS-GUARD | DDOS-GUARD LTD),AS59692 (IQWEB | IQWeb FZ-LLC)
185.178.209.20,45.132.16.61,www.stomart.ru,73online.ru,AS57724 (DDOS-GUARD | DDOS-GUARD LTD),AS59692 (IQWEB | IQWeb FZ-LLC)
91.215.41.44,213.189.223.230,polkrf.ru,sofp.ru,AS57724 (DDOS-GUARD | DDOS-GUARD LTD),AS44128 (INTERNET-PRO | Internet-Pro LLC)
92.255.104.226,81.91.178.180,lancmanschool.ru,idealstol.store,AS9123 (TIMEWEB | TimeWeb Ltd.),AS204601 (ON-LINE-DATA | Zomro B.V.)
213.189.223.155,185.215.4.20,zo.gov.ru,www.oswfm.ru,AS44128 (INTERNET-PRO | Internet-Pro LLC),AS57724 (DDOS-GUARD | DDOS-GUARD LTD)
85.193.87.160,37.230.118.198,tuningstock.ru,profsalon.org,AS9123 (TIMEWEB | TimeWeb Ltd.),AS29182 (RU-JSCIOT | JSC IOT)
185.114.246.163,82.202.172.221,iidx.ru,stich.su,AS9123 (TIMEWEB | TimeWeb Ltd.),AS29182 (RU-JSCIOT | JSC IOT)
188.225.30.44,82.202.170.92,volkovteatr.ru,astrainternet.ru,AS9123 (TIMEWEB | TimeWeb Ltd.),AS29182 (RU-JSCIOT | JSC IOT)
92.255.104.47,37.230.118.99,muzcomedy.ru,ww1.ru,AS9123 (TIMEWEB | TimeWeb Ltd.),AS29182 (RU-JSCIOT | JSC IOT)
190.115.16.14,185.200.242.42,kemono.su,www.termo-komfort.ru,AS59692 (IQWEB | IQWeb FZ-LLC),AS9123 (TIMEWEB | TimeWeb Ltd.)
186.2.163.75,185.200.242.42,catflix.su,www.termo-komfort.ru,AS59692 (IQWEB | IQWeb FZ-LLC),AS9123 (TIMEWEB | TimeWeb Ltd.)
151.236.80.22,185.203.72.7,cdnvideo.ru,cpa.tl,AS57363 (CDNVIDEO | CDNvideo LLC),AS60922 (KKM-IT | KKM IT Limited)
94.228.116.156,92.255.104.47,www.rdb.ru,muzcomedy.ru,AS9123 (TIMEWEB | TimeWeb Ltd.),AS9123 (TIMEWEB | TimeWeb Ltd.)
185.200.242.157,185.200.242.42,gorodarmavir.ru,www.termo-komfort.ru,AS9123 (TIMEWEB | TimeWeb Ltd.),AS9123 (TIMEWEB | TimeWeb Ltd.)
185.114.246.115,185.200.242.157,pereborom.ru,gorodarmavir.ru,AS9123 (TIMEWEB | TimeWeb Ltd.),AS9123 (TIMEWEB | TimeWeb Ltd.)
92.255.106.39,185.200.242.157,meduniver.com,gorodarmavir.ru,AS9123 (TIMEWEB | TimeWeb Ltd.),AS9123 (TIMEWEB | TimeWeb Ltd.)
178.208.71.16,78.110.60.16,zona-mag.ru,www.radioscanner.ru,AS210079 (EUROBYTE | EuroByte LLC),AS12616 (HOSTING-MSK | Citytelecom LLC)
185.215.4.55,85.193.87.57,fil-it.ru,inter-shini.ru,AS57724 (DDOS-GUARD | DDOS-GUARD LTD),AS9123 (TIMEWEB | TimeWeb Ltd.)
185.129.102.121,85.193.87.57,kredita.net,inter-shini.ru,AS57724 (DDOS-GUARD | DDOS-GUARD LTD),AS9123 (TIMEWEB | TimeWeb Ltd.)
185.215.4.41,185.200.242.181,restream.su,pvhmarket.ru,AS57724 (DDOS-GUARD | DDOS-GUARD LTD),AS9123 (TIMEWEB | TimeWeb Ltd.)
185.215.4.32,185.200.242.181,rapporto.ru,pvhmarket.ru,AS57724 (DDOS-GUARD | DDOS-GUARD LTD),AS9123 (TIMEWEB | TimeWeb Ltd.)
185.178.208.131,94.228.116.36,47-detsad.ru,fadn.gov.ru,AS57724 (DDOS-GUARD | DDOS-GUARD LTD),AS9123 (TIMEWEB | TimeWeb Ltd.)
185.129.100.85,94.228.116.36,nux.aero,fadn.gov.ru,AS57724 (DDOS-GUARD | DDOS-GUARD LTD),AS9123 (TIMEWEB | TimeWeb Ltd.)
185.215.4.21,94.228.116.36,www.austromyrtus.ru,fadn.gov.ru,AS57724 (DDOS-GUARD | DDOS-GUARD LTD),AS9123 (TIMEWEB | TimeWeb Ltd.)
185.215.4.38,94.228.116.36,maergroup.ru,fadn.gov.ru,AS57724 (DDOS-GUARD | DDOS-GUARD LTD),AS9123 (TIMEWEB | TimeWeb Ltd.)
185.215.4.32,94.228.116.36,syndicat.ru,fadn.gov.ru,AS57724 (DDOS-GUARD | DDOS-GUARD LTD),AS9123 (TIMEWEB | TimeWeb Ltd.)
185.215.4.17,92.255.104.123,fssoft.ru,pushkino.tv,AS57724 (DDOS-GUARD | DDOS-GUARD LTD),AS9123 (TIMEWEB | TimeWeb Ltd.)
185.215.4.39,92.255.104.123,slot.ru,pushkino.tv,AS57724 (DDOS-GUARD | DDOS-GUARD LTD),AS9123 (TIMEWEB | TimeWeb Ltd.)
185.215.4.43,92.255.104.47,www.billingonline.ru,muzcomedy.ru,AS57724 (DDOS-GUARD | DDOS-GUARD LTD),AS9123 (TIMEWEB | TimeWeb Ltd.)
185.215.4.17,92.255.104.47,enera.uz,www.muzcomedy.ru,AS57724 (DDOS-GUARD | DDOS-GUARD LTD),AS9123 (TIMEWEB | TimeWeb Ltd.)
185.215.4.32,92.255.104.47,1forma.ru,www.muzcomedy.ru,AS57724 (DDOS-GUARD | DDOS-GUARD LTD),AS9123 (TIMEWEB | TimeWeb Ltd.)
185.215.4.20,185.200.242.42,alex-grupp.com,www.termo-komfort.ru,AS57724 (DDOS-GUARD | DDOS-GUARD LTD),AS9123 (TIMEWEB | TimeWeb Ltd.)
185.215.4.16,185.200.242.42,mitcoms.ru,www.termo-komfort.ru,AS57724 (DDOS-GUARD | DDOS-GUARD LTD),AS9123 (TIMEWEB | TimeWeb Ltd.)
185.215.4.21,185.200.242.42,esteit.com,www.termo-komfort.ru,AS57724 (DDOS-GUARD | DDOS-GUARD LTD),AS9123 (TIMEWEB | TimeWeb Ltd.)
176.57.65.25,185.200.242.42,www.lislab.tech,www.termo-komfort.ru,AS57724 (DDOS-GUARD | DDOS-GUARD LTD),AS9123 (TIMEWEB | TimeWeb Ltd.)
185.215.4.20,185.200.242.157,smmnakrutka.ru,gorodarmavir.ru,AS57724 (DDOS-GUARD | DDOS-GUARD LTD),AS9123 (TIMEWEB | TimeWeb Ltd.)
185.215.4.20,185.200.243.169,siriusolymp.ru,limpopo-park.ru,AS57724 (DDOS-GUARD | DDOS-GUARD LTD),AS9123 (TIMEWEB | TimeWeb Ltd.)
185.215.4.33,185.200.243.169,zabota.tech,limpopo-park.ru,AS57724 (DDOS-GUARD | DDOS-GUARD LTD),AS9123 (TIMEWEB | TimeWeb Ltd.)
185.215.4.16,185.200.243.169,www.rosinkas.ru,limpopo-park.ru,AS57724 (DDOS-GUARD | DDOS-GUARD LTD),AS9123 (TIMEWEB | TimeWeb Ltd.)
176.57.65.185,185.200.243.169,www.kata.academy,limpopo-park.ru,AS57724 (DDOS-GUARD | DDOS-GUARD LTD),AS9123 (TIMEWEB | TimeWeb Ltd.)
185.114.246.157,185.215.4.21,radioshanson.ru,www.bitriver.farm,AS9123 (TIMEWEB | TimeWeb Ltd.),AS57724 (DDOS-GUARD | DDOS-GUARD LTD)
185.165.123.33,185.203.72.7,rabotavdodo.ru,cpa.tl,AS64432 (VARITI | Variti+ LLC),AS60922 (KKM-IT | KKM IT Limited)
185.165.123.36,185.203.72.7,pp-operator.com,cpa.tl,AS64432 (VARITI | Variti+ LLC),AS60922 (KKM-IT | KKM IT Limited)
178.208.71.23,185.149.120.233,mobza.io,calculator888.ru,AS210079 (EUROBYTE | EuroByte LLC),AS57724 (DDOS-GUARD | DDOS-GUARD LTD)
185.215.4.101,81.91.178.180,playa.tech,idealstol.store,AS57724 (DDOS-GUARD | DDOS-GUARD LTD),AS204601 (ON-LINE-DATA | Zomro B.V.)
185.215.4.55,81.91.178.180,m10.az,idealprism.store,AS57724 (DDOS-GUARD | DDOS-GUARD LTD),AS204601 (ON-LINE-DATA | Zomro B.V.)
91.215.42.215,81.91.178.180,business-magazine.online,idealprism.store,AS57724 (DDOS-GUARD | DDOS-GUARD LTD),AS204601 (ON-LINE-DATA | Zomro B.V.)
185.215.4.28,81.91.178.180,time.aero,idealprism.store,AS57724 (DDOS-GUARD | DDOS-GUARD LTD),AS204601 (ON-LINE-DATA | Zomro B.V.)
185.215.4.55,81.91.178.41,samosale.ru,www.smartboosterpro.club,AS57724 (DDOS-GUARD | DDOS-GUARD LTD),AS204601 (ON-LINE-DATA | Zomro B.V.)
185.215.4.28,81.91.178.41,simplesmm.org,www.smartboosterpro.club,AS57724 (DDOS-GUARD | DDOS-GUARD LTD),AS204601 (ON-LINE-DATA | Zomro B.V.)
185.215.4.20,81.91.178.118,marselin.store,gayteam.club,AS57724 (DDOS-GUARD | DDOS-GUARD LTD),AS204601 (ON-LINE-DATA | Zomro B.V.)
185.215.4.16,81.91.178.118,caramba-switcher.com,gayteam.club,AS57724 (DDOS-GUARD | DDOS-GUARD LTD),AS204601 (ON-LINE-DATA | Zomro B.V.)
185.215.4.43,81.91.178.118,www.courierica.ru,gayteam.club,AS57724 (DDOS-GUARD | DDOS-GUARD LTD),AS204601 (ON-LINE-DATA | Zomro B.V.)
185.215.4.20,37.230.118.198,www.aft.ru,profsalon.org,AS57724 (DDOS-GUARD | DDOS-GUARD LTD),AS29182 (RU-JSCIOT | JSC IOT)
185.215.4.55,37.230.118.198,topseller.ru,profsalon.org,AS57724 (DDOS-GUARD | DDOS-GUARD LTD),AS29182 (RU-JSCIOT | JSC IOT)
185.215.4.40,37.230.118.198,pinup-club.ru,profsalon.org,AS57724 (DDOS-GUARD | DDOS-GUARD LTD),AS29182 (RU-JSCIOT | JSC IOT)
185.178.208.148,37.230.118.198,www.eatlink.ru,profsalon.org,AS57724 (DDOS-GUARD | DDOS-GUARD LTD),AS29182 (RU-JSCIOT | JSC IOT)
176.57.65.170,37.230.118.198,mercado.global,profsalon.org,AS57724 (DDOS-GUARD | DDOS-GUARD LTD),AS29182 (RU-JSCIOT | JSC IOT)
185.215.4.28,37.230.118.198,www.simplesmm.org,profsalon.org,AS57724 (DDOS-GUARD | DDOS-GUARD LTD),AS29182 (RU-JSCIOT | JSC IOT)
185.215.4.20,37.230.118.205,aft.ru,chistovie.ru,AS57724 (DDOS-GUARD | DDOS-GUARD LTD),AS29182 (RU-JSCIOT | JSC IOT)
185.215.4.16,37.230.118.205,freshshelf.ru,chistovie.ru,AS57724 (DDOS-GUARD | DDOS-GUARD LTD),AS29182 (RU-JSCIOT | JSC IOT)
185.215.4.43,37.230.118.205,www.fschool.ru,chistovie.ru,AS57724 (DDOS-GUARD | DDOS-GUARD LTD),AS29182 (RU-JSCIOT | JSC IOT)
185.215.4.25,185.253.34.151,t72.ru,penzavzglyad.ru,AS57724 (DDOS-GUARD | DDOS-GUARD LTD),AS29182 (RU-JSCIOT | JSC IOT)
185.215.4.17,185.253.34.151,sis-it.pro,penzavzglyad.ru,AS57724 (DDOS-GUARD | DDOS-GUARD LTD),AS29182 (RU-JSCIOT | JSC IOT)
185.129.100.124,185.253.34.151,southernfig.com,penzavzglyad.ru,AS57724 (DDOS-GUARD | DDOS-GUARD LTD),AS29182 (RU-JSCIOT | JSC IOT)
185.215.4.56,82.202.172.48,result.rest,xn--37-dlcmno3cf.xn--p1ai,AS57724 (DDOS-GUARD | DDOS-GUARD LTD),AS29182 (RU-JSCIOT | JSC IOT)
185.178.209.20,82.202.172.48,www.jacks.ru,www.xn--37-dlcmno3cf.xn--p1ai,AS57724 (DDOS-GUARD | DDOS-GUARD LTD),AS29182 (RU-JSCIOT | JSC IOT)
185.178.208.170,82.202.172.48,briansclub.ac,xn--37-dlcmno3cf.xn--p1ai,AS57724 (DDOS-GUARD | DDOS-GUARD LTD),AS29182 (RU-JSCIOT | JSC IOT)
185.215.4.52,82.202.172.48,cdek.digital,www.xn--37-dlcmno3cf.xn--p1ai,AS57724 (DDOS-GUARD | DDOS-GUARD LTD),AS29182 (RU-JSCIOT | JSC IOT)
95.129.232.65,213.159.210.133,ru.myfin.by,vivt.ru,AS57724 (DDOS-GUARD | DDOS-GUARD LTD),AS29182 (RU-JSCIOT | JSC IOT)
185.129.100.113,213.159.210.133,www.brightroadstar.com,vivt.ru,AS57724 (DDOS-GUARD | DDOS-GUARD LTD),AS29182 (RU-JSCIOT | JSC IOT)
185.215.4.57,213.159.210.133,www.icontextgroup.ru,vivt.ru,AS57724 (DDOS-GUARD | DDOS-GUARD LTD),AS29182 (RU-JSCIOT | JSC IOT)
185.215.4.42,80.87.203.158,larta.com,www.avtoproblem-net.ru,AS57724 (DDOS-GUARD | DDOS-GUARD LTD),AS29182 (RU-JSCIOT | JSC IOT)
185.215.4.38,80.87.203.158,3nt.com,www.avtoproblem-net.ru,AS57724 (DDOS-GUARD | DDOS-GUARD LTD),AS29182 (RU-JSCIOT | JSC IOT)
185.178.208.136,80.87.203.158,crewservices.ru,www.avtoproblem-net.ru,AS57724 (DDOS-GUARD | DDOS-GUARD LTD),AS29182 (RU-JSCIOT | JSC IOT)
185.215.4.28,80.87.203.158,www.tomica.ru,avtoproblem-net.ru,AS57724 (DDOS-GUARD | DDOS-GUARD LTD),AS29182 (RU-JSCIOT | JSC IOT)
185.215.4.14,185.253.34.69,geofsm.ru,riapo.ru,AS57724 (DDOS-GUARD | DDOS-GUARD LTD),AS29182 (RU-JSCIOT | JSC IOT)
185.215.4.55,185.253.34.69,nsdigital.ru,riapo.ru,AS57724 (DDOS-GUARD | DDOS-GUARD LTD),AS29182 (RU-JSCIOT | JSC IOT)
185.178.208.177,185.253.34.69,strike-cs.ru,riapo.ru,AS57724 (DDOS-GUARD | DDOS-GUARD LTD),AS29182 (RU-JSCIOT | JSC IOT)
185.215.4.20,185.253.34.38,www.archeon.io,nts-tv.com,AS57724 (DDOS-GUARD | DDOS-GUARD LTD),AS29182 (RU-JSCIOT | JSC IOT)
185.178.208.181,185.253.34.38,ilbet.org,www.nts-tv.com,AS57724 (DDOS-GUARD | DDOS-GUARD LTD),AS29182 (RU-JSCIOT | JSC IOT)
185.215.4.55,185.253.34.38,gdnet.ru,www.nts-tv.com,AS57724 (DDOS-GUARD | DDOS-GUARD LTD),AS29182 (RU-JSCIOT | JSC IOT)
185.215.4.25,185.253.34.38,avtoscan.com,www.nts-tv.com,AS57724 (DDOS-GUARD | DDOS-GUARD LTD),AS29182 (RU-JSCIOT | JSC IOT)
185.215.4.32,185.253.34.38,telecomcare.ru,www.nts-tv.com,AS57724 (DDOS-GUARD | DDOS-GUARD LTD),AS29182 (RU-JSCIOT | JSC IOT)
185.215.4.39,185.253.34.38,smartway.today,nts-tv.com,AS57724 (DDOS-GUARD | DDOS-GUARD LTD),AS29182 (RU-JSCIOT | JSC IOT)
185.215.4.16,82.202.173.14,format-c.pro,magic-trans.ru,AS57724 (DDOS-GUARD | DDOS-GUARD LTD),AS29182 (RU-JSCIOT | JSC IOT)
185.215.4.38,82.202.173.14,advmusic.com,magic-trans.ru,AS57724 (DDOS-GUARD | DDOS-GUARD LTD),AS29182 (RU-JSCIOT | JSC IOT)
185.215.4.14,82.202.172.221,sptlab.ru,stich.su,AS57724 (DDOS-GUARD | DDOS-GUARD LTD),AS29182 (RU-JSCIOT | JSC IOT)
185.215.4.20,212.109.222.184,inventos.ru,lim-english.com,AS57724 (DDOS-GUARD | DDOS-GUARD LTD),AS29182 (RU-JSCIOT | JSC IOT)
185.215.4.16,212.109.222.184,walk-walk.ru,lim-english.com,AS57724 (DDOS-GUARD | DDOS-GUARD LTD),AS29182 (RU-JSCIOT | JSC IOT)
176.57.64.90,212.109.222.184,fitness-cccp.ru,lim-english.com,AS57724 (DDOS-GUARD | DDOS-GUARD LTD),AS29182 (RU-JSCIOT | JSC IOT)
185.215.4.21,212.109.222.184,infovizion.ru,lim-english.com,AS57724 (DDOS-GUARD | DDOS-GUARD LTD),AS29182 (RU-JSCIOT | JSC IOT)
185.215.4.47,212.109.222.184,gnzs.ru,lim-english.com,AS57724 (DDOS-GUARD | DDOS-GUARD LTD),AS29182 (RU-JSCIOT | JSC IOT)
185.215.4.57,212.109.222.184,avtodoria.ru,lim-english.com,AS57724 (DDOS-GUARD | DDOS-GUARD LTD),AS29182 (RU-JSCIOT | JSC IOT)
185.215.4.16,82.202.173.213,www.freshshelf.ru,www.eprussia.ru,AS57724 (DDOS-GUARD | DDOS-GUARD LTD),AS29182 (RU-JSCIOT | JSC IOT)
185.215.4.38,82.202.173.213,api2c.ru,www.eprussia.ru,AS57724 (DDOS-GUARD | DDOS-GUARD LTD),AS29182 (RU-JSCIOT | JSC IOT)
185.215.4.10,82.202.173.213,www.eidoloncorp.com,eprussia.ru,AS57724 (DDOS-GUARD | DDOS-GUARD LTD),AS29182 (RU-JSCIOT | JSC IOT)
185.215.4.28,82.202.173.213,social-solutions.ru,www.eprussia.ru,AS57724 (DDOS-GUARD | DDOS-GUARD LTD),AS29182 (RU-JSCIOT | JSC IOT)
91.215.41.40,37.230.118.149,tehnomaxplus.ru,sudar.su,AS57724 (DDOS-GUARD | DDOS-GUARD LTD),AS29182 (RU-JSCIOT | JSC IOT)
185.178.209.20,37.230.118.149,mamamia-pizza.ru,sudar.su,AS57724 (DDOS-GUARD | DDOS-GUARD LTD),AS29182 (RU-JSCIOT | JSC IOT)
185.215.4.56,37.230.118.178,smsolut.ru,alib.ru,AS57724 (DDOS-GUARD | DDOS-GUARD LTD),AS29182 (RU-JSCIOT | JSC IOT)
185.215.4.61,37.230.118.178,www.mayak.bz,alib.ru,AS57724 (DDOS-GUARD | DDOS-GUARD LTD),AS29182 (RU-JSCIOT | JSC IOT)
185.178.208.131,82.202.170.92,komandirskie.com,astrainternet.ru,AS57724 (DDOS-GUARD | DDOS-GUARD LTD),AS29182 (RU-JSCIOT | JSC IOT)
176.57.65.25,82.202.170.92,lislab.tech,astrainternet.ru,AS57724 (DDOS-GUARD | DDOS-GUARD LTD),AS29182 (RU-JSCIOT | JSC IOT)
185.178.208.156,82.202.170.92,rgup.ru,astrainternet.ru,AS57724 (DDOS-GUARD | DDOS-GUARD LTD),AS29182 (RU-JSCIOT | JSC IOT)
185.215.4.58,37.230.118.99,limehd.ru,ww1.ru,AS57724 (DDOS-GUARD | DDOS-GUARD LTD),AS29182 (RU-JSCIOT | JSC IOT)
185.178.208.131,82.202.170.204,sexpebune.ro,rezidenttaxi.ru,AS57724 (DDOS-GUARD | DDOS-GUARD LTD),AS29182 (RU-JSCIOT | JSC IOT)
185.215.4.21,82.202.170.204,novatorkids.com,rezidenttaxi.ru,AS57724 (DDOS-GUARD | DDOS-GUARD LTD),AS29182 (RU-JSCIOT | JSC IOT)
185.215.4.58,82.202.170.204,warpoint.ru,rezidenttaxi.ru,AS57724 (DDOS-GUARD | DDOS-GUARD LTD),AS29182 (RU-JSCIOT | JSC IOT)
185.215.4.57,82.202.170.204,f-skills.ru,rezidenttaxi.ru,AS57724 (DDOS-GUARD | DDOS-GUARD LTD),AS29182 (RU-JSCIOT | JSC IOT)
186.2.163.46,176.57.65.242,segodnia.ru,polza-digital.ru,AS59692 (IQWEB | IQWeb FZ-LLC),AS57724 (DDOS-GUARD | DDOS-GUARD LTD)
186.2.163.7,185.129.100.124,vlasti.io,southernfig.com,AS59692 (IQWEB | IQWeb FZ-LLC),AS57724 (DDOS-GUARD | DDOS-GUARD LTD)
190.115.16.17,81.91.178.180,aniworld.to,idealstol.store,AS59692 (IQWEB | IQWeb FZ-LLC),AS204601 (ON-LINE-DATA | Zomro B.V.)
82.202.170.240,185.200.242.42,oaji.net,www.termo-komfort.ru,AS29182 (RU-JSCIOT | JSC IOT),AS9123 (TIMEWEB | TimeWeb Ltd.)
185.253.34.12,185.200.243.169,tmsmm.ru,limpopo-park.ru,AS29182 (RU-JSCIOT | JSC IOT),AS9123 (TIMEWEB | TimeWeb Ltd.)
